{
  "lavoura": "pivo",
  "projeto_colheita": "soja_2025",
  "arquivo_origem": "pivo_producao.csv",
  "crs_epsg": 32723,
  "criado_em": "2025-12-13T16:56:09.067568Z",
  "stats": {
    "raw": {
      "count": 15415.0,
      "min": 0.73,
      "max": 5.255783,
      "mean": 3.200119670716834,
      "std": 0.7863218602736424,
      "cv": 0.24571639225526354
    },
    "global": {
      "count": 14785.0,
      "min": 1.6685882,
      "max": 5.002849,
      "mean": 3.2692857687588774,
      "std": 0.7067500298077745,
      "cv": 0.216178725200911
    },
    "local": {
      "count": 14382.0,
      "min": 1.6685882,
      "max": 4.9968286,
      "mean": 3.2835097246071476,
      "std": 0.6906094746341656,
      "cv": 0.21032661163103236
    },
    "n_final": 14382,
    "ajuste_balanca": {
      "mean_monitor": 3.2835097246071476,
      "mean_balanca": 3.0,
      "fator": 0.9136564991775477
    }
  }
}